﻿Designator,Footprint,Quantity,Value,LCSC Part #
"C1, C22, C25, C26, C40, C41, C42, C43, C44, C45, C46, C5",0805,12,2u2,
"C10, C11, C12, C13, C15, C16, C17, C18, C19, C20, C21, C32, C33, C34, C35, C36, C37, C38, C39, C6, C7, C8",0805,22,1u,
"C14, C9, R11, R12, R13, R14, R15, R17",0805,8,TBD,
"C2, C28",0805,2,1n,
"C24, C27, C47",CP_Elec_4x5.4,3,10u,
"C29, C31",0603,2,15p,
"C3, C4",0805,2,100n,
C30,0805,1,4.7u,
"D10, D8, D9",0805,3,Green,
D3,0805,1,LED,
"D4, D5, D6, D7",D_SOD-123F,4,D_Schottky,
"J1, J2",Banana_Jack_1Pin,2,Conn_01x01_Socket,
J3,GCT_USB4110GFA,1,USB4110GFA,
J4,PinHeader_2x05_P1.27mm_Vertical,1,Conn_ARM_JTAG_SWD_10,
"JP5, JP6",SolderJumper-2_P1.3mm_Open_Pad1.0x1.5mm,2,Jumper_2_Open,
R1,0805,1,10k,
"R10, R18, R19, R21, R25, R6, R7",0805,7,0,
"R16, R3",0805,2,DNP,
"R2, R4",0805,2,47,
"R20, R9",0805,2,1,
R22,0805,1,470,
"R23, R24",0805,2,47k,
"R27, R33",0805,2,4.7k,
"R28, R29",0805,2,5k1,
"R30, R31, R32",0805,3,1k,
R5,0805,1,1.5k,
R8,0805,1,500,
R_SENSE1,1206,1,10k,
U1,DIP-8_W7.62mm_LongPads,1,INA121U,
U11,LQFP-48_7x7mm_P0.5mm,1,STM32G431C6Tx,
U12,SOT-666,1,USBLC6-2P6,
"U2, U3",SOT-23-5,2,TLV9301xDBV,
U4,SOIC127P599X175-8N,1,INA137UA,
"U5, U6",SOIC-8_3.9x4.9mm_P1.27mm,2,OPA376xxD,
U7,SOT-23-5_HandSoldering,1,TPS7A2433DBVR,
U8,MODULE_DM-OLED096-636,1,DM-OLED096-636,
U9,SOIC-8_3.9x4.9mm_P1.27mm,1,LMC7660,
Y1,Crystal_SMD_HC49-SD,1,Crystal,
